"GYLDIGE STEMMER I ALT";"København";308138;326145;333709
"GYLDIGE STEMMER I ALT";"Frederiksberg";61706;64988;64809
"GYLDIGE STEMMER I ALT";"Dragør";8736;9051;9023
"GYLDIGE STEMMER I ALT";"Tårnby";25407;26021;25919
"GYLDIGE STEMMER I ALT";"Albertslund";15498;15618;15007
"GYLDIGE STEMMER I ALT";"Ballerup";29731;30061;29423
"GYLDIGE STEMMER I ALT";"Brøndby";19992;19765;18784
"GYLDIGE STEMMER I ALT";"Gentofte";43458;45033;45019
"GYLDIGE STEMMER I ALT";"Gladsaxe";38909;39798;39063
"GYLDIGE STEMMER I ALT";"Glostrup";13326;13734;13458
"GYLDIGE STEMMER I ALT";"Herlev";16557;16612;16613
"GYLDIGE STEMMER I ALT";"Hvidovre";30402;31002;30590
"GYLDIGE STEMMER I ALT";"Høje-Taastrup";27690;28000;27007
"GYLDIGE STEMMER I ALT";"Ishøj";10855;11074;10599
"GYLDIGE STEMMER I ALT";"Lyngby-Taarbæk";33379;34104;33865
"GYLDIGE STEMMER I ALT";"Rødovre";22745;22982;22448
"GYLDIGE STEMMER I ALT";"Vallensbæk";7973;8945;8936
"GYLDIGE STEMMER I ALT";"Allerød";15082;15631;15950
"GYLDIGE STEMMER I ALT";"Egedal";25987;27112;27267
"GYLDIGE STEMMER I ALT";"Fredensborg";24147;24588;24285
"GYLDIGE STEMMER I ALT";"Frederikssund";28155;28767;28707
"GYLDIGE STEMMER I ALT";"Furesø";23712;24048;24403
"GYLDIGE STEMMER I ALT";"Gribskov";26228;27092;26883
"GYLDIGE STEMMER I ALT";"Halsnæs";19360;19893;19483
"GYLDIGE STEMMER I ALT";"Helsingør";37696;38445;38269
"GYLDIGE STEMMER I ALT";"Hillerød";29219;30541;30827
"GYLDIGE STEMMER I ALT";"Hørsholm";15934;16310;16292
"GYLDIGE STEMMER I ALT";"Rudersdal";34443;35163;35065
"GYLDIGE STEMMER I ALT";"Bornholm";27901;27302;25897
"GYLDIGE STEMMER I ALT";"Christiansø";66;62;55
"GYLDIGE STEMMER I ALT";"Greve";30040;30471;30371
"GYLDIGE STEMMER I ALT";"Køge";35767;36370;37150
"GYLDIGE STEMMER I ALT";"Lejre";17533;17815;17915
"GYLDIGE STEMMER I ALT";"Roskilde";52306;53819;54191
"GYLDIGE STEMMER I ALT";"Solrød";13335;13738;13907
"GYLDIGE STEMMER I ALT";"Faxe";22587;23005;22608
"GYLDIGE STEMMER I ALT";"Guldborgsund";41859;41345;39650
"GYLDIGE STEMMER I ALT";"Holbæk";43472;44244;43531
"GYLDIGE STEMMER I ALT";"Kalundborg";31660;31649;31027
"GYLDIGE STEMMER I ALT";"Lolland";31087;29788;27168
"GYLDIGE STEMMER I ALT";"Næstved";52200;52740;52435
"GYLDIGE STEMMER I ALT";"Odsherred";21884;22149;21895
"GYLDIGE STEMMER I ALT";"Ringsted";20026;20797;20846
"GYLDIGE STEMMER I ALT";"Slagelse";48542;49297;48187
"GYLDIGE STEMMER I ALT";"Sorø";18701;19111;18844
"GYLDIGE STEMMER I ALT";"Stevns";14577;14712;14614
"GYLDIGE STEMMER I ALT";"Vordingborg";30860;30751;30091
"GYLDIGE STEMMER I ALT";"Assens";26743;27100;26580
"GYLDIGE STEMMER I ALT";"Faaborg-Midtfyn";33754;33892;33094
"GYLDIGE STEMMER I ALT";"Kerteminde";15489;15855;15567
"GYLDIGE STEMMER I ALT";"Langeland";9240;9057;8561
"GYLDIGE STEMMER I ALT";"Middelfart";23941;24841;24678
"GYLDIGE STEMMER I ALT";"Nordfyns";18942;19107;18842
"GYLDIGE STEMMER I ALT";"Nyborg";20429;20804;20521
"GYLDIGE STEMMER I ALT";"Odense";118155;121383;122257
"GYLDIGE STEMMER I ALT";"Svendborg";38362;39006;37736
"GYLDIGE STEMMER I ALT";"Ærø";4602;4615;4267
"GYLDIGE STEMMER I ALT";"Billund";16238;16597;16375
"GYLDIGE STEMMER I ALT";"Esbjerg";71360;72874;71253
"GYLDIGE STEMMER I ALT";"Fanø";2213;2237;2244
"GYLDIGE STEMMER I ALT";"Fredericia";30951;32053;31232
"GYLDIGE STEMMER I ALT";"Haderslev";35756;35826;35467
"GYLDIGE STEMMER I ALT";"Kolding";54978;56449;55554
"GYLDIGE STEMMER I ALT";"Sønderborg";48172;47509;46396
"GYLDIGE STEMMER I ALT";"Tønder";24706;24506;23660
"GYLDIGE STEMMER I ALT";"Varde";31422;31771;31545
"GYLDIGE STEMMER I ALT";"Vejen";26119;26803;26478
"GYLDIGE STEMMER I ALT";"Vejle";65594;67996;68233
"GYLDIGE STEMMER I ALT";"Aabenraa";36670;36540;35824
"GYLDIGE STEMMER I ALT";"Favrskov";28466;29957;29863
"GYLDIGE STEMMER I ALT";"Hedensted";28775;29562;29483
"GYLDIGE STEMMER I ALT";"Horsens";49907;51880;52189
"GYLDIGE STEMMER I ALT";"Norddjurs";24090;24347;24195
"GYLDIGE STEMMER I ALT";"Odder";14012;14372;14357
"GYLDIGE STEMMER I ALT";"Randers";59570;61496;60554
"GYLDIGE STEMMER I ALT";"Samsø";2703;2652;2470
"GYLDIGE STEMMER I ALT";"Silkeborg";55913;57539;57274
"GYLDIGE STEMMER I ALT";"Skanderborg";35549;37038;37529
"GYLDIGE STEMMER I ALT";"Syddjurs";26354;27269;26979
"GYLDIGE STEMMER I ALT";"Aarhus";192973;203902;206686
"GYLDIGE STEMMER I ALT";"Herning";53573;54806;54748
"GYLDIGE STEMMER I ALT";"Holstebro";36542;37050;36727
"GYLDIGE STEMMER I ALT";"Ikast-Brande";24776;25297;25002
"GYLDIGE STEMMER I ALT";"Lemvig";14181;14003;13518
"GYLDIGE STEMMER I ALT";"Ringkøbing-Skjern";36395;36706;35568
"GYLDIGE STEMMER I ALT";"Skive";30911;31157;30092
"GYLDIGE STEMMER I ALT";"Struer";14601;14549;13894
"GYLDIGE STEMMER I ALT";"Viborg";58431;59898;59636
"GYLDIGE STEMMER I ALT";"Brønderslev";22757;23258;22605
"GYLDIGE STEMMER I ALT";"Frederikshavn";40092;40403;38938
"GYLDIGE STEMMER I ALT";"Hjørring";42313;42924;41601
"GYLDIGE STEMMER I ALT";"Jammerbugt";24723;25126;24716
"GYLDIGE STEMMER I ALT";"Læsø";1377;1345;1247
"GYLDIGE STEMMER I ALT";"Mariagerfjord";26865;27003;26408
"GYLDIGE STEMMER I ALT";"Morsø";14233;14155;13578
"GYLDIGE STEMMER I ALT";"Rebild";18136;18516;18485
"GYLDIGE STEMMER I ALT";"Thisted";29045;28909;28111
"GYLDIGE STEMMER I ALT";"Vesthimmerlands";23572;23601;22866
"GYLDIGE STEMMER I ALT";"Aalborg";125880;130139;131219
"A. Socialdemokratiet";"København";75695;61995;73080
"A. Socialdemokratiet";"Frederiksberg";13106;10797;14129
"A. Socialdemokratiet";"Dragør";1661;1404;1983
"A. Socialdemokratiet";"Tårnby";7441;6509;7561
"A. Socialdemokratiet";"Albertslund";4944;4823;4836
"A. Socialdemokratiet";"Ballerup";10760;9950;10487
"A. Socialdemokratiet";"Brøndby";6711;6455;6635
"A. Socialdemokratiet";"Gentofte";5938;5342;7850
"A. Socialdemokratiet";"Gladsaxe";10780;10329;11629
"A. Socialdemokratiet";"Glostrup";4173;3969;4209
"A. Socialdemokratiet";"Herlev";5437;5143;5610
"A. Socialdemokratiet";"Hvidovre";9371;8886;9738
"A. Socialdemokratiet";"Høje-Taastrup";7894;7728;7860
"A. Socialdemokratiet";"Ishøj";3538;3530;3612
"A. Socialdemokratiet";"Lyngby-Taarbæk";6782;6141;7904
"A. Socialdemokratiet";"Rødovre";7607;7270;7590
"A. Socialdemokratiet";"Vallensbæk";1886;1991;2401
"A. Socialdemokratiet";"Allerød";2488;2414;3450
"A. Socialdemokratiet";"Egedal";5543;5663;6778
"A. Socialdemokratiet";"Fredensborg";4654;4281;5139
"A. Socialdemokratiet";"Frederikssund";7005;6457;7251
"A. Socialdemokratiet";"Furesø";4611;4419;5923
"A. Socialdemokratiet";"Gribskov";5166;4799;5541
"A. Socialdemokratiet";"Halsnæs";5274;5073;5519
"A. Socialdemokratiet";"Helsingør";9523;9092;9688
"A. Socialdemokratiet";"Hillerød";7095;6190;7348
"A. Socialdemokratiet";"Hørsholm";1872;1700;2384
"A. Socialdemokratiet";"Rudersdal";4630;4094;5801
"A. Socialdemokratiet";"Bornholm";9875;9788;8661
"A. Socialdemokratiet";"Christiansø";13;13;22
"A. Socialdemokratiet";"Greve";6577;6102;7377
"A. Socialdemokratiet";"Køge";9283;8309;9517
"A. Socialdemokratiet";"Lejre";3862;3402;4267
"A. Socialdemokratiet";"Roskilde";12249;11498;14087
"A. Socialdemokratiet";"Solrød";2616;2560;3184
"A. Socialdemokratiet";"Faxe";5433;5352;5666
"A. Socialdemokratiet";"Guldborgsund";12852;13097;12657
"A. Socialdemokratiet";"Holbæk";11075;11449;12173
"A. Socialdemokratiet";"Kalundborg";7753;7872;8238
"A. Socialdemokratiet";"Lolland";7940;9279;9679
"A. Socialdemokratiet";"Næstved";15339;15208;17230
"A. Socialdemokratiet";"Odsherred";5402;5571;6276
"A. Socialdemokratiet";"Ringsted";5194;5163;5474
"A. Socialdemokratiet";"Slagelse";12633;12645;13197
"A. Socialdemokratiet";"Sorø";4544;4553;4836
"A. Socialdemokratiet";"Stevns";3533;3149;3631
"A. Socialdemokratiet";"Vordingborg";7995;8362;8975
"A. Socialdemokratiet";"Assens";7198;7841;7657
"A. Socialdemokratiet";"Faaborg-Midtfyn";8357;9115;9020
"A. Socialdemokratiet";"Kerteminde";4397;5002;5183
"A. Socialdemokratiet";"Langeland";2298;2567;2246
"A. Socialdemokratiet";"Middelfart";6362;6622;7260
"A. Socialdemokratiet";"Nordfyns";4852;5169;5464
"A. Socialdemokratiet";"Nyborg";5789;6386;6868
"A. Socialdemokratiet";"Odense";33157;35280;35434
"A. Socialdemokratiet";"Svendborg";9809;10482;9964
"A. Socialdemokratiet";"Ærø";1176;1113;965
"A. Socialdemokratiet";"Billund";3013;3346;3172
"A. Socialdemokratiet";"Esbjerg";19645;19588;18399
"A. Socialdemokratiet";"Fanø";515;465;608
"A. Socialdemokratiet";"Fredericia";8234;9753;8755
"A. Socialdemokratiet";"Haderslev";8319;8652;8621
"A. Socialdemokratiet";"Kolding";10607;11855;12660
"A. Socialdemokratiet";"Sønderborg";12353;13017;11728
"A. Socialdemokratiet";"Tønder";5443;5967;5038
"A. Socialdemokratiet";"Varde";5765;5985;5907
"A. Socialdemokratiet";"Vejen";5634;6141;5923
"A. Socialdemokratiet";"Vejle";13634;15080;15723
"A. Socialdemokratiet";"Aabenraa";8395;9088;7857
"A. Socialdemokratiet";"Favrskov";7343;7972;8185
"A. Socialdemokratiet";"Hedensted";5756;6250;6399
"A. Socialdemokratiet";"Horsens";13610;13595;13900
"A. Socialdemokratiet";"Norddjurs";7081;7740;7127
"A. Socialdemokratiet";"Odder";3953;3936;4297
"A. Socialdemokratiet";"Randers";19522;21047;19028
"A. Socialdemokratiet";"Samsø";675;611;692
"A. Socialdemokratiet";"Silkeborg";14413;14076;14662
"A. Socialdemokratiet";"Skanderborg";9200;9428;10262
"A. Socialdemokratiet";"Syddjurs";6689;7223;6808
"A. Socialdemokratiet";"Aarhus";53603;53536;55622
"A. Socialdemokratiet";"Herning";10374;10886;11333
"A. Socialdemokratiet";"Holstebro";8906;8977;10762
"A. Socialdemokratiet";"Ikast-Brande";4943;5463;5403
"A. Socialdemokratiet";"Lemvig";2735;2833;3173
"A. Socialdemokratiet";"Ringkøbing-Skjern";6254;6406;6830
"A. Socialdemokratiet";"Skive";8721;9064;9164
"A. Socialdemokratiet";"Struer";3709;4125;3974
"A. Socialdemokratiet";"Viborg";14609;14378;14821
"A. Socialdemokratiet";"Brønderslev";6793;7184;6692
"A. Socialdemokratiet";"Frederikshavn";12822;13692;12460
"A. Socialdemokratiet";"Hjørring";11604;12017;11542
"A. Socialdemokratiet";"Jammerbugt";7341;8053;7659
"A. Socialdemokratiet";"Læsø";371;377;350
"A. Socialdemokratiet";"Mariagerfjord";7478;8227;7757
"A. Socialdemokratiet";"Morsø";4167;4850;4681
"A. Socialdemokratiet";"Rebild";4754;5138;5172
"A. Socialdemokratiet";"Thisted";7385;8453;8629
"A. Socialdemokratiet";"Vesthimmerlands";4936;5390;5638
"A. Socialdemokratiet";"Aalborg";40585;40358;40383
"B. Radikale Venstre";"København";28291;56075;31976
"B. Radikale Venstre";"Frederiksberg";6143;12234;7189
"B. Radikale Venstre";"Dragør";491;923;468
"B. Radikale Venstre";"Tårnby";933;2032;945
"B. Radikale Venstre";"Albertslund";714;1433;638
"B. Radikale Venstre";"Ballerup";1162;2548;1060
"B. Radikale Venstre";"Brøndby";728;1463;610
"B. Radikale Venstre";"Gentofte";3477;6787;4083
"B. Radikale Venstre";"Gladsaxe";2622;5043;2632
"B. Radikale Venstre";"Glostrup";497;1058;424
"B. Radikale Venstre";"Herlev";722;1425;604
"B. Radikale Venstre";"Hvidovre";1282;2620;1112
"B. Radikale Venstre";"Høje-Taastrup";1169;2520;950
"B. Radikale Venstre";"Ishøj";354;809;318
"B. Radikale Venstre";"Lyngby-Taarbæk";2976;5420;3048
"B. Radikale Venstre";"Rødovre";1020;2053;884
"B. Radikale Venstre";"Vallensbæk";352;813;347
"B. Radikale Venstre";"Allerød";1323;2181;1287
"B. Radikale Venstre";"Egedal";1532;2958;1380
"B. Radikale Venstre";"Fredensborg";1897;3103;1729
"B. Radikale Venstre";"Frederikssund";1379;2464;1065
"B. Radikale Venstre";"Furesø";2220;3743;2233
"B. Radikale Venstre";"Gribskov";1471;2387;976
"B. Radikale Venstre";"Halsnæs";919;1436;446
"B. Radikale Venstre";"Helsingør";2590;4237;2036
"B. Radikale Venstre";"Hillerød";2024;3746;1917
"B. Radikale Venstre";"Hørsholm";1157;1839;1119
"B. Radikale Venstre";"Rudersdal";3519;5443;3327
"B. Radikale Venstre";"Bornholm";617;1503;426
"B. Radikale Venstre";"Christiansø";1;6;1
"B. Radikale Venstre";"Greve";1086;2358;998
"B. Radikale Venstre";"Køge";1348;2957;1310
"B. Radikale Venstre";"Lejre";944;1772;787
"B. Radikale Venstre";"Roskilde";3234;6327;3257
"B. Radikale Venstre";"Solrød";498;1052;508
"B. Radikale Venstre";"Faxe";862;1646;569
"B. Radikale Venstre";"Guldborgsund";1274;2328;791
"B. Radikale Venstre";"Holbæk";2286;3712;1901
"B. Radikale Venstre";"Kalundborg";1221;1934;763
"B. Radikale Venstre";"Lolland";524;1255;365
"B. Radikale Venstre";"Næstved";1788;3546;1175
"B. Radikale Venstre";"Odsherred";913;1520;549
"B. Radikale Venstre";"Ringsted";813;1678;758
"B. Radikale Venstre";"Slagelse";1402;3009;1432
"B. Radikale Venstre";"Sorø";780;1575;644
"B. Radikale Venstre";"Stevns";520;1088;365
"B. Radikale Venstre";"Vordingborg";1228;2083;734
"B. Radikale Venstre";"Assens";1160;1935;680
"B. Radikale Venstre";"Faaborg-Midtfyn";1750;2809;974
"B. Radikale Venstre";"Kerteminde";618;1057;304
"B. Radikale Venstre";"Langeland";402;596;152
"B. Radikale Venstre";"Middelfart";1198;2084;845
"B. Radikale Venstre";"Nordfyns";682;1028;367
"B. Radikale Venstre";"Nyborg";793;1401;455
"B. Radikale Venstre";"Odense";6704;11993;5462
"B. Radikale Venstre";"Svendborg";2090;3468;1207
"B. Radikale Venstre";"Ærø";157;287;67
"B. Radikale Venstre";"Billund";474;854;365
"B. Radikale Venstre";"Esbjerg";2191;4579;1929
"B. Radikale Venstre";"Fanø";92;191;71
"B. Radikale Venstre";"Fredericia";961;1978;789
"B. Radikale Venstre";"Haderslev";1025;2206;979
"B. Radikale Venstre";"Kolding";2267;4389;2017
"B. Radikale Venstre";"Sønderborg";1464;2790;1983
"B. Radikale Venstre";"Tønder";736;1313;614
"B. Radikale Venstre";"Varde";1106;1937;753
"B. Radikale Venstre";"Vejen";850;1571;548
"B. Radikale Venstre";"Vejle";2954;5842;2739
"B. Radikale Venstre";"Aabenraa";1081;2092;1175
"B. Radikale Venstre";"Favrskov";1428;2578;1270
"B. Radikale Venstre";"Hedensted";868;1833;741
"B. Radikale Venstre";"Horsens";1788;4242;1808
"B. Radikale Venstre";"Norddjurs";745;1462;428
"B. Radikale Venstre";"Odder";708;1328;531
"B. Radikale Venstre";"Randers";1890;3779;1533
"B. Radikale Venstre";"Samsø";130;201;57
"B. Radikale Venstre";"Silkeborg";2356;5144;2150
"B. Radikale Venstre";"Skanderborg";1819;3772;1849
"B. Radikale Venstre";"Syddjurs";1118;2385;830
"B. Radikale Venstre";"Aarhus";14427;28770;14829
"B. Radikale Venstre";"Herning";2208;3901;1561
"B. Radikale Venstre";"Holstebro";1390;2516;1017
"B. Radikale Venstre";"Ikast-Brande";756;1525;515
"B. Radikale Venstre";"Lemvig";504;883;288
"B. Radikale Venstre";"Ringkøbing-Skjern";1222;2081;681
"B. Radikale Venstre";"Skive";1431;2281;922
"B. Radikale Venstre";"Struer";465;887;283
"B. Radikale Venstre";"Viborg";2444;4872;1766
"B. Radikale Venstre";"Brønderslev";710;1467;550
"B. Radikale Venstre";"Frederikshavn";1079;1891;776
"B. Radikale Venstre";"Hjørring";1596;2665;1070
"B. Radikale Venstre";"Jammerbugt";733;1394;494
"B. Radikale Venstre";"Læsø";46;79;25
"B. Radikale Venstre";"Mariagerfjord";974;1715;761
"B. Radikale Venstre";"Morsø";591;766;233
"B. Radikale Venstre";"Rebild";842;1438;730
"B. Radikale Venstre";"Thisted";1074;1688;525
"B. Radikale Venstre";"Vesthimmerlands";671;1355;473
"B. Radikale Venstre";"Aalborg";6090;11258;5702
"C. Det Konservative Folkeparti";"København";26911;14997;8430
"C. Det Konservative Folkeparti";"Frederiksberg";10250;6285;3831
"C. Det Konservative Folkeparti";"Dragør";1561;884;528
"C. Det Konservative Folkeparti";"Tårnby";2089;1096;682
"C. Det Konservative Folkeparti";"Albertslund";1059;547;339
"C. Det Konservative Folkeparti";"Ballerup";2778;1385;674
"C. Det Konservative Folkeparti";"Brøndby";1465;678;309
"C. Det Konservative Folkeparti";"Gentofte";12080;6755;4553
"C. Det Konservative Folkeparti";"Gladsaxe";4144;2162;1225
"C. Det Konservative Folkeparti";"Glostrup";1357;639;334
"C. Det Konservative Folkeparti";"Herlev";1688;872;540
"C. Det Konservative Folkeparti";"Hvidovre";2492;1298;730
"C. Det Konservative Folkeparti";"Høje-Taastrup";3209;1798;1345
"C. Det Konservative Folkeparti";"Ishøj";752;380;187
"C. Det Konservative Folkeparti";"Lyngby-Taarbæk";6269;3275;2360
"C. Det Konservative Folkeparti";"Rødovre";1953;1012;611
"C. Det Konservative Folkeparti";"Vallensbæk";1651;962;633
"C. Det Konservative Folkeparti";"Allerød";2566;1362;1171
"C. Det Konservative Folkeparti";"Egedal";3675;1590;1113
"C. Det Konservative Folkeparti";"Fredensborg";3535;1965;1357
"C. Det Konservative Folkeparti";"Frederikssund";3004;1187;872
"C. Det Konservative Folkeparti";"Furesø";3660;1888;1334
"C. Det Konservative Folkeparti";"Gribskov";2504;1091;792
"C. Det Konservative Folkeparti";"Halsnæs";1458;681;441
"C. Det Konservative Folkeparti";"Helsingør";4425;2436;2388
"C. Det Konservative Folkeparti";"Hillerød";3724;1845;1238
"C. Det Konservative Folkeparti";"Hørsholm";3861;2251;1726
"C. Det Konservative Folkeparti";"Rudersdal";6255;3469;2691
"C. Det Konservative Folkeparti";"Bornholm";1682;579;440
"C. Det Konservative Folkeparti";"Christiansø";6;1;1
"C. Det Konservative Folkeparti";"Greve";2820;1726;889
"C. Det Konservative Folkeparti";"Køge";3377;1953;1109
"C. Det Konservative Folkeparti";"Lejre";1580;878;504
"C. Det Konservative Folkeparti";"Roskilde";5608;3028;1780
"C. Det Konservative Folkeparti";"Solrød";1401;850;464
"C. Det Konservative Folkeparti";"Faxe";2180;1190;686
"C. Det Konservative Folkeparti";"Guldborgsund";2913;1603;933
"C. Det Konservative Folkeparti";"Holbæk";3809;2146;1357
"C. Det Konservative Folkeparti";"Kalundborg";2053;1006;647
"C. Det Konservative Folkeparti";"Lolland";1503;961;935
"C. Det Konservative Folkeparti";"Næstved";5110;2797;1526
"C. Det Konservative Folkeparti";"Odsherred";1472;780;544
"C. Det Konservative Folkeparti";"Ringsted";1667;853;534
"C. Det Konservative Folkeparti";"Slagelse";3682;1999;1151
"C. Det Konservative Folkeparti";"Sorø";1671;975;766
"C. Det Konservative Folkeparti";"Stevns";1375;782;526
"C. Det Konservative Folkeparti";"Vordingborg";2372;1336;732
"C. Det Konservative Folkeparti";"Assens";3517;1291;836
"C. Det Konservative Folkeparti";"Faaborg-Midtfyn";3908;1440;976
"C. Det Konservative Folkeparti";"Kerteminde";2004;753;517
"C. Det Konservative Folkeparti";"Langeland";883;358;169
"C. Det Konservative Folkeparti";"Middelfart";2952;1140;793
"C. Det Konservative Folkeparti";"Nordfyns";2760;873;646
"C. Det Konservative Folkeparti";"Nyborg";2184;798;524
"C. Det Konservative Folkeparti";"Odense";18066;7125;4505
"C. Det Konservative Folkeparti";"Svendborg";4203;1851;1269
"C. Det Konservative Folkeparti";"Ærø";748;404;614
"C. Det Konservative Folkeparti";"Billund";1252;524;277
"C. Det Konservative Folkeparti";"Esbjerg";5035;2179;1411
"C. Det Konservative Folkeparti";"Fanø";185;94;77
"C. Det Konservative Folkeparti";"Fredericia";2868;1242;639
"C. Det Konservative Folkeparti";"Haderslev";2568;1340;788
"C. Det Konservative Folkeparti";"Kolding";6073;3007;1817
"C. Det Konservative Folkeparti";"Sønderborg";3442;2416;818
"C. Det Konservative Folkeparti";"Tønder";1913;887;478
"C. Det Konservative Folkeparti";"Varde";2261;961;510
"C. Det Konservative Folkeparti";"Vejen";2101;1035;619
"C. Det Konservative Folkeparti";"Vejle";6320;2961;1552
"C. Det Konservative Folkeparti";"Aabenraa";3037;1259;639
"C. Det Konservative Folkeparti";"Favrskov";2634;1303;953
"C. Det Konservative Folkeparti";"Hedensted";2311;985;655
"C. Det Konservative Folkeparti";"Horsens";4131;1770;1293
"C. Det Konservative Folkeparti";"Norddjurs";1704;663;469
"C. Det Konservative Folkeparti";"Odder";1269;587;411
"C. Det Konservative Folkeparti";"Randers";4376;1811;1482
"C. Det Konservative Folkeparti";"Samsø";224;140;108
"C. Det Konservative Folkeparti";"Silkeborg";6171;2581;2554
"C. Det Konservative Folkeparti";"Skanderborg";3335;1473;1144
"C. Det Konservative Folkeparti";"Syddjurs";2321;1004;709
"C. Det Konservative Folkeparti";"Aarhus";17763;8292;6266
"C. Det Konservative Folkeparti";"Herning";3843;2446;1927
"C. Det Konservative Folkeparti";"Holstebro";1992;1405;1281
"C. Det Konservative Folkeparti";"Ikast-Brande";2082;1199;852
"C. Det Konservative Folkeparti";"Lemvig";895;434;733
"C. Det Konservative Folkeparti";"Ringkøbing-Skjern";2789;1226;1085
"C. Det Konservative Folkeparti";"Skive";1660;803;893
"C. Det Konservative Folkeparti";"Struer";989;500;584
"C. Det Konservative Folkeparti";"Viborg";4496;2083;6019
"C. Det Konservative Folkeparti";"Brønderslev";2841;1358;685
"C. Det Konservative Folkeparti";"Frederikshavn";4621;1827;806
"C. Det Konservative Folkeparti";"Hjørring";6832;3046;2214
"C. Det Konservative Folkeparti";"Jammerbugt";3073;1277;474
"C. Det Konservative Folkeparti";"Læsø";110;49;17
"C. Det Konservative Folkeparti";"Mariagerfjord";3429;1311;589
"C. Det Konservative Folkeparti";"Morsø";1436;499;214
"C. Det Konservative Folkeparti";"Rebild";2435;1037;477
"C. Det Konservative Folkeparti";"Thisted";3320;1492;789
"C. Det Konservative Folkeparti";"Vesthimmerlands";4544;1382;950
"C. Det Konservative Folkeparti";"Aalborg";16842;6893;2938
"F. SF - Socialistisk Folkeparti";"København";69773;42899;22990
"F. SF - Socialistisk Folkeparti";"Frederiksberg";10689;6852;3787
"F. SF - Socialistisk Folkeparti";"Dragør";833;571;283
"F. SF - Socialistisk Folkeparti";"Tårnby";3548;2548;1200
"F. SF - Socialistisk Folkeparti";"Albertslund";3330;2148;1098
"F. SF - Socialistisk Folkeparti";"Ballerup";3715;2534;1296
"F. SF - Socialistisk Folkeparti";"Brøndby";3005;2084;870
"F. SF - Socialistisk Folkeparti";"Gentofte";3851;2142;1452
"F. SF - Socialistisk Folkeparti";"Gladsaxe";6077;3855;2127
"F. SF - Socialistisk Folkeparti";"Glostrup";1589;1127;505
"F. SF - Socialistisk Folkeparti";"Herlev";2413;1636;815
"F. SF - Socialistisk Folkeparti";"Hvidovre";4468;3213;1550
"F. SF - Socialistisk Folkeparti";"Høje-Taastrup";3216;2240;1181
"F. SF - Socialistisk Folkeparti";"Ishøj";1526;1166;663
"F. SF - Socialistisk Folkeparti";"Lyngby-Taarbæk";4040;2740;1550
"F. SF - Socialistisk Folkeparti";"Rødovre";3337;2261;1152
"F. SF - Socialistisk Folkeparti";"Vallensbæk";668;621;360
"F. SF - Socialistisk Folkeparti";"Allerød";1595;1156;664
"F. SF - Socialistisk Folkeparti";"Egedal";2460;1757;959
"F. SF - Socialistisk Folkeparti";"Fredensborg";2525;1906;999
"F. SF - Socialistisk Folkeparti";"Frederikssund";3164;2394;1221
"F. SF - Socialistisk Folkeparti";"Furesø";3194;1866;1018
"F. SF - Socialistisk Folkeparti";"Gribskov";2898;1894;954
"F. SF - Socialistisk Folkeparti";"Halsnæs";2403;1969;1058
"F. SF - Socialistisk Folkeparti";"Helsingør";4844;3289;1536
"F. SF - Socialistisk Folkeparti";"Hillerød";3310;2425;1412
"F. SF - Socialistisk Folkeparti";"Hørsholm";753;505;312
"F. SF - Socialistisk Folkeparti";"Rudersdal";2996;1851;1049
"F. SF - Socialistisk Folkeparti";"Bornholm";3301;2000;711
"F. SF - Socialistisk Folkeparti";"Christiansø";27;11;5
"F. SF - Socialistisk Folkeparti";"Greve";2464;1939;812
"F. SF - Socialistisk Folkeparti";"Køge";4034;3183;2428
"F. SF - Socialistisk Folkeparti";"Lejre";2056;1807;1070
"F. SF - Socialistisk Folkeparti";"Roskilde";7313;5605;2920
"F. SF - Socialistisk Folkeparti";"Solrød";1144;871;403
"F. SF - Socialistisk Folkeparti";"Faxe";2535;2030;888
"F. SF - Socialistisk Folkeparti";"Guldborgsund";5305;4262;1319
"F. SF - Socialistisk Folkeparti";"Holbæk";5468;4071;1447
"F. SF - Socialistisk Folkeparti";"Kalundborg";3826;3152;994
"F. SF - Socialistisk Folkeparti";"Lolland";8032;5440;1111
"F. SF - Socialistisk Folkeparti";"Næstved";6012;4706;1690
"F. SF - Socialistisk Folkeparti";"Odsherred";2878;2055;697
"F. SF - Socialistisk Folkeparti";"Ringsted";2321;1760;740
"F. SF - Socialistisk Folkeparti";"Slagelse";5834;4780;1562
"F. SF - Socialistisk Folkeparti";"Sorø";2231;1796;792
"F. SF - Socialistisk Folkeparti";"Stevns";1603;1219;601
"F. SF - Socialistisk Folkeparti";"Vordingborg";4514;3276;1101
"F. SF - Socialistisk Folkeparti";"Assens";3136;2509;939
"F. SF - Socialistisk Folkeparti";"Faaborg-Midtfyn";4317;3215;1365
"F. SF - Socialistisk Folkeparti";"Kerteminde";2083;1719;730
"F. SF - Socialistisk Folkeparti";"Langeland";1170;916;328
"F. SF - Socialistisk Folkeparti";"Middelfart";2644;2158;1005
"F. SF - Socialistisk Folkeparti";"Nordfyns";1997;1954;601
"F. SF - Socialistisk Folkeparti";"Nyborg";2678;2080;705
"F. SF - Socialistisk Folkeparti";"Odense";18956;13555;6353
"F. SF - Socialistisk Folkeparti";"Svendborg";5803;4513;1636
"F. SF - Socialistisk Folkeparti";"Ærø";474;371;128
"F. SF - Socialistisk Folkeparti";"Billund";1265;829;356
"F. SF - Socialistisk Folkeparti";"Esbjerg";9055;6424;2475
"F. SF - Socialistisk Folkeparti";"Fanø";377;237;116
"F. SF - Socialistisk Folkeparti";"Fredericia";4291;2530;1057
"F. SF - Socialistisk Folkeparti";"Haderslev";4044;3004;920
"F. SF - Socialistisk Folkeparti";"Kolding";8762;5465;2365
"F. SF - Socialistisk Folkeparti";"Sønderborg";4572;3374;1129
"F. SF - Socialistisk Folkeparti";"Tønder";2196;1691;560
"F. SF - Socialistisk Folkeparti";"Varde";2401;1871;721
"F. SF - Socialistisk Folkeparti";"Vejen";2393;1758;673
"F. SF - Socialistisk Folkeparti";"Vejle";8027;5346;2313
"F. SF - Socialistisk Folkeparti";"Aabenraa";3101;2188;823
"F. SF - Socialistisk Folkeparti";"Favrskov";2674;2166;1100
"F. SF - Socialistisk Folkeparti";"Hedensted";2360;1844;721
"F. SF - Socialistisk Folkeparti";"Horsens";5536;4521;1914
"F. SF - Socialistisk Folkeparti";"Norddjurs";2385;1739;867
"F. SF - Socialistisk Folkeparti";"Odder";1802;1410;575
"F. SF - Socialistisk Folkeparti";"Randers";5677;4513;1861
"F. SF - Socialistisk Folkeparti";"Samsø";391;370;115
"F. SF - Socialistisk Folkeparti";"Silkeborg";6109;5040;2428
"F. SF - Socialistisk Folkeparti";"Skanderborg";4088;3116;1517
"F. SF - Socialistisk Folkeparti";"Syddjurs";3129;2292;1652
"F. SF - Socialistisk Folkeparti";"Aarhus";33454;21393;10778
"F. SF - Socialistisk Folkeparti";"Herning";3855;3488;1676
"F. SF - Socialistisk Folkeparti";"Holstebro";3749;3250;1296
"F. SF - Socialistisk Folkeparti";"Ikast-Brande";1739;1510;600
"F. SF - Socialistisk Folkeparti";"Lemvig";1866;1548;600
"F. SF - Socialistisk Folkeparti";"Ringkøbing-Skjern";2858;2622;1006
"F. SF - Socialistisk Folkeparti";"Skive";3120;2696;864
"F. SF - Socialistisk Folkeparti";"Struer";1868;1427;618
"F. SF - Socialistisk Folkeparti";"Viborg";5478;5238;2632
"F. SF - Socialistisk Folkeparti";"Brønderslev";2060;1921;870
"F. SF - Socialistisk Folkeparti";"Frederikshavn";3273;3134;1041
"F. SF - Socialistisk Folkeparti";"Hjørring";4182;3915;1519
"F. SF - Socialistisk Folkeparti";"Jammerbugt";2213;2017;643
"F. SF - Socialistisk Folkeparti";"Læsø";109;93;27
"F. SF - Socialistisk Folkeparti";"Mariagerfjord";2540;1964;805
"F. SF - Socialistisk Folkeparti";"Morsø";1295;937;265
"F. SF - Socialistisk Folkeparti";"Rebild";1573;1469;531
"F. SF - Socialistisk Folkeparti";"Thisted";2692;1767;568
"F. SF - Socialistisk Folkeparti";"Vesthimmerlands";2388;2563;667
"F. SF - Socialistisk Folkeparti";"Aalborg";15652;12910;5172
"I. Liberal Alliance";"København";13055;18644;28552
"I. Liberal Alliance";"Frederiksberg";3171;4558;6933
"I. Liberal Alliance";"Dragør";327;656;1046
"I. Liberal Alliance";"Tårnby";670;1024;1404
"I. Liberal Alliance";"Albertslund";335;447;597
"I. Liberal Alliance";"Ballerup";758;1283;1711
"I. Liberal Alliance";"Brøndby";472;648;839
"I. Liberal Alliance";"Gentofte";2399;4599;7876
"I. Liberal Alliance";"Gladsaxe";1420;1890;2997
"I. Liberal Alliance";"Glostrup";316;575;859
"I. Liberal Alliance";"Herlev";405;648;948
"I. Liberal Alliance";"Hvidovre";784;1204;1738
"I. Liberal Alliance";"Høje-Taastrup";792;1150;1629
"I. Liberal Alliance";"Ishøj";262;384;495
"I. Liberal Alliance";"Lyngby-Taarbæk";1601;2591;4239
"I. Liberal Alliance";"Rødovre";518;838;1236
"I. Liberal Alliance";"Vallensbæk";232;446;818
"I. Liberal Alliance";"Allerød";711;1271;2012
"I. Liberal Alliance";"Egedal";994;1858;2698
"I. Liberal Alliance";"Fredensborg";1148;1855;2920
"I. Liberal Alliance";"Frederikssund";890;1543;2027
"I. Liberal Alliance";"Furesø";1237;1867;3026
"I. Liberal Alliance";"Gribskov";947;1440;2343
"I. Liberal Alliance";"Halsnæs";539;896;1122
"I. Liberal Alliance";"Helsingør";1535;2344;3690
"I. Liberal Alliance";"Hillerød";1148;1895;3019
"I. Liberal Alliance";"Hørsholm";894;1824;3262
"I. Liberal Alliance";"Rudersdal";2064;3820;6625
"I. Liberal Alliance";"Bornholm";615;508;1037
"I. Liberal Alliance";"Christiansø";2;1;0
"I. Liberal Alliance";"Greve";948;1677;2453
"I. Liberal Alliance";"Køge";1071;1883;2675
"I. Liberal Alliance";"Lejre";632;1083;1282
"I. Liberal Alliance";"Roskilde";2029;3149;4456
"I. Liberal Alliance";"Solrød";477;909;1556
"I. Liberal Alliance";"Faxe";582;988;1458
"I. Liberal Alliance";"Guldborgsund";843;1284;1501
"I. Liberal Alliance";"Holbæk";1300;1890;2650
"I. Liberal Alliance";"Kalundborg";709;1076;1488
"I. Liberal Alliance";"Lolland";402;814;802
"I. Liberal Alliance";"Næstved";1313;2282;3438
"I. Liberal Alliance";"Odsherred";593;708;961
"I. Liberal Alliance";"Ringsted";643;1049;1420
"I. Liberal Alliance";"Slagelse";1166;2246;3052
"I. Liberal Alliance";"Sorø";556;902;1073
"I. Liberal Alliance";"Stevns";410;687;879
"I. Liberal Alliance";"Vordingborg";727;1230;1454
"I. Liberal Alliance";"Assens";649;1135;1626
"I. Liberal Alliance";"Faaborg-Midtfyn";811;1284;1800
"I. Liberal Alliance";"Kerteminde";307;634;819
"I. Liberal Alliance";"Langeland";194;268;271
"I. Liberal Alliance";"Middelfart";588;1190;1637
"I. Liberal Alliance";"Nordfyns";369;770;1038
"I. Liberal Alliance";"Nyborg";404;792;1053
"I. Liberal Alliance";"Odense";3162;5471;9727
"I. Liberal Alliance";"Svendborg";911;1499;2145
"I. Liberal Alliance";"Ærø";81;121;155
"I. Liberal Alliance";"Billund";302;741;1104
"I. Liberal Alliance";"Esbjerg";1175;3109;4975
"I. Liberal Alliance";"Fanø";58;109;139
"I. Liberal Alliance";"Fredericia";614;1395;2077
"I. Liberal Alliance";"Haderslev";679;1810;2494
"I. Liberal Alliance";"Kolding";1168;3291;5013
"I. Liberal Alliance";"Sønderborg";870;2077;3357
"I. Liberal Alliance";"Tønder";388;1162;1727
"I. Liberal Alliance";"Varde";482;1430;2103
"I. Liberal Alliance";"Vejen";493;1456;1961
"I. Liberal Alliance";"Vejle";1658;3794;5824
"I. Liberal Alliance";"Aabenraa";594;1538;2503
"I. Liberal Alliance";"Favrskov";796;1301;2026
"I. Liberal Alliance";"Hedensted";621;1609;2413
"I. Liberal Alliance";"Horsens";1605;3272;5098
"I. Liberal Alliance";"Norddjurs";402;951;1186
"I. Liberal Alliance";"Odder";380;559;936
"I. Liberal Alliance";"Randers";1115;2277;3855
"I. Liberal Alliance";"Samsø";72;80;125
"I. Liberal Alliance";"Silkeborg";1998;3246;4355
"I. Liberal Alliance";"Skanderborg";1194;1880;3188
"I. Liberal Alliance";"Syddjurs";672;1085;1853
"I. Liberal Alliance";"Aarhus";6532;10668;19421
"I. Liberal Alliance";"Herning";922;2715;3848
"I. Liberal Alliance";"Holstebro";565;1975;2107
"I. Liberal Alliance";"Ikast-Brande";420;1175;1359
"I. Liberal Alliance";"Lemvig";204;695;575
"I. Liberal Alliance";"Ringkøbing-Skjern";683;1592;1628
"I. Liberal Alliance";"Skive";443;1322;1472
"I. Liberal Alliance";"Struer";253;611;609
"I. Liberal Alliance";"Viborg";1237;2730;3424
"I. Liberal Alliance";"Brønderslev";370;943;1145
"I. Liberal Alliance";"Frederikshavn";542;1366;1746
"I. Liberal Alliance";"Hjørring";680;1585;1934
"I. Liberal Alliance";"Jammerbugt";359;895;1240
"I. Liberal Alliance";"Læsø";26;37;42
"I. Liberal Alliance";"Mariagerfjord";516;1189;1504
"I. Liberal Alliance";"Morsø";200;581;585
"I. Liberal Alliance";"Rebild";439;916;1247
"I. Liberal Alliance";"Thisted";448;867;1181
"I. Liberal Alliance";"Vesthimmerlands";387;917;1149
"I. Liberal Alliance";"Aalborg";2615;5906;10034
"K. Kristendemokraterne";"København";1575;912;1297
"K. Kristendemokraterne";"Frederiksberg";305;175;201
"K. Kristendemokraterne";"Dragør";29;13;11
"K. Kristendemokraterne";"Tårnby";105;85;90
"K. Kristendemokraterne";"Albertslund";58;43;63
"K. Kristendemokraterne";"Ballerup";121;112;176
"K. Kristendemokraterne";"Brøndby";91;59;55
"K. Kristendemokraterne";"Gentofte";170;116;135
"K. Kristendemokraterne";"Gladsaxe";196;148;186
"K. Kristendemokraterne";"Glostrup";52;44;47
"K. Kristendemokraterne";"Herlev";186;129;141
"K. Kristendemokraterne";"Hvidovre";153;106;136
"K. Kristendemokraterne";"Høje-Taastrup";124;89;109
"K. Kristendemokraterne";"Ishøj";40;23;31
"K. Kristendemokraterne";"Lyngby-Taarbæk";152;103;133
"K. Kristendemokraterne";"Rødovre";113;93;127
"K. Kristendemokraterne";"Vallensbæk";31;21;26
"K. Kristendemokraterne";"Allerød";85;67;72
"K. Kristendemokraterne";"Egedal";94;75;89
"K. Kristendemokraterne";"Fredensborg";106;85;123
"K. Kristendemokraterne";"Frederikssund";95;110;105
"K. Kristendemokraterne";"Furesø";87;52;93
"K. Kristendemokraterne";"Gribskov";279;251;388
"K. Kristendemokraterne";"Halsnæs";126;85;92
"K. Kristendemokraterne";"Helsingør";156;95;144
"K. Kristendemokraterne";"Hillerød";298;264;431
"K. Kristendemokraterne";"Hørsholm";31;27;38
"K. Kristendemokraterne";"Rudersdal";100;60;105
"K. Kristendemokraterne";"Bornholm";555;681;749
"K. Kristendemokraterne";"Christiansø";0;0;0
"K. Kristendemokraterne";"Greve";123;90;119
"K. Kristendemokraterne";"Køge";125;103;115
"K. Kristendemokraterne";"Lejre";80;64;69
"K. Kristendemokraterne";"Roskilde";268;205;234
"K. Kristendemokraterne";"Solrød";32;26;30
"K. Kristendemokraterne";"Faxe";106;79;81
"K. Kristendemokraterne";"Guldborgsund";163;197;190
"K. Kristendemokraterne";"Holbæk";202;191;182
"K. Kristendemokraterne";"Kalundborg";124;130;93
"K. Kristendemokraterne";"Lolland";76;92;80
"K. Kristendemokraterne";"Næstved";229;264;235
"K. Kristendemokraterne";"Odsherred";52;75;52
"K. Kristendemokraterne";"Ringsted";67;67;74
"K. Kristendemokraterne";"Slagelse";182;171;182
"K. Kristendemokraterne";"Sorø";137;118;119
"K. Kristendemokraterne";"Stevns";45;37;52
"K. Kristendemokraterne";"Vordingborg";104;113;89
"K. Kristendemokraterne";"Assens";112;139;115
"K. Kristendemokraterne";"Faaborg-Midtfyn";116;151;120
"K. Kristendemokraterne";"Kerteminde";55;61;66
"K. Kristendemokraterne";"Langeland";32;45;28
"K. Kristendemokraterne";"Middelfart";101;110;112
"K. Kristendemokraterne";"Nordfyns";45;56;63
"K. Kristendemokraterne";"Nyborg";52;64;63
"K. Kristendemokraterne";"Odense";519;492;579
"K. Kristendemokraterne";"Svendborg";145;183;131
"K. Kristendemokraterne";"Ærø";18;29;16
"K. Kristendemokraterne";"Billund";307;317;287
"K. Kristendemokraterne";"Esbjerg";487;528;575
"K. Kristendemokraterne";"Fanø";13;8;7
"K. Kristendemokraterne";"Fredericia";279;281;256
"K. Kristendemokraterne";"Haderslev";418;480;502
"K. Kristendemokraterne";"Kolding";512;548;569
"K. Kristendemokraterne";"Sønderborg";250;251;240
"K. Kristendemokraterne";"Tønder";332;446;397
"K. Kristendemokraterne";"Varde";421;551;467
"K. Kristendemokraterne";"Vejen";194;203;219
"K. Kristendemokraterne";"Vejle";805;734;919
"K. Kristendemokraterne";"Aabenraa";307;367;354
"K. Kristendemokraterne";"Favrskov";178;163;217
"K. Kristendemokraterne";"Hedensted";531;476;694
"K. Kristendemokraterne";"Horsens";271;252;309
"K. Kristendemokraterne";"Norddjurs";146;150;132
"K. Kristendemokraterne";"Odder";76;67;90
"K. Kristendemokraterne";"Randers";526;421;610
"K. Kristendemokraterne";"Samsø";14;5;7
"K. Kristendemokraterne";"Silkeborg";870;677;797
"K. Kristendemokraterne";"Skanderborg";185;137;231
"K. Kristendemokraterne";"Syddjurs";132;100;107
"K. Kristendemokraterne";"Aarhus";1761;1319;2230
"K. Kristendemokraterne";"Herning";2217;1507;1988
"K. Kristendemokraterne";"Holstebro";972;2510;720
"K. Kristendemokraterne";"Ikast-Brande";934;437;518
"K. Kristendemokraterne";"Lemvig";386;961;278
"K. Kristendemokraterne";"Ringkøbing-Skjern";2363;1883;2309
"K. Kristendemokraterne";"Skive";311;259;242
"K. Kristendemokraterne";"Struer";292;804;177
"K. Kristendemokraterne";"Viborg";855;626;617
"K. Kristendemokraterne";"Brønderslev";263;208;228
"K. Kristendemokraterne";"Frederikshavn";376;301;343
"K. Kristendemokraterne";"Hjørring";442;377;384
"K. Kristendemokraterne";"Jammerbugt";360;232;195
"K. Kristendemokraterne";"Læsø";28;9;19
"K. Kristendemokraterne";"Mariagerfjord";254;233;195
"K. Kristendemokraterne";"Morsø";135;125;97
"K. Kristendemokraterne";"Rebild";172;129;124
"K. Kristendemokraterne";"Thisted";563;448;398
"K. Kristendemokraterne";"Vesthimmerlands";277;220;179
"K. Kristendemokraterne";"Aalborg";975;845;1168
"O. Dansk Folkeparti";"København";31032;25233;33910
"O. Dansk Folkeparti";"Frederiksberg";5473;4535;6244
"O. Dansk Folkeparti";"Dragør";1292;1267;1941
"O. Dansk Folkeparti";"Tårnby";5109;4852;7480
"O. Dansk Folkeparti";"Albertslund";2283;1984;3116
"O. Dansk Folkeparti";"Ballerup";4836;4295;6767
"O. Dansk Folkeparti";"Brøndby";3737;3348;5013
"O. Dansk Folkeparti";"Gentofte";3420;3099;4722
"O. Dansk Folkeparti";"Gladsaxe";5192;4609;6817
"O. Dansk Folkeparti";"Glostrup";2416;2304;3559
"O. Dansk Folkeparti";"Herlev";2599;2287;3627
"O. Dansk Folkeparti";"Hvidovre";5751;5121;7764
"O. Dansk Folkeparti";"Høje-Taastrup";4635;4171;6919
"O. Dansk Folkeparti";"Ishøj";2177;1774;2845
"O. Dansk Folkeparti";"Lyngby-Taarbæk";3261;2815;4188
"O. Dansk Folkeparti";"Rødovre";3875;3362;5039
"O. Dansk Folkeparti";"Vallensbæk";1258;1275;2043
"O. Dansk Folkeparti";"Allerød";1493;1328;2388
"O. Dansk Folkeparti";"Egedal";3581;3293;6026
"O. Dansk Folkeparti";"Fredensborg";2889;2432;4267
"O. Dansk Folkeparti";"Frederikssund";4496;3929;7017
"O. Dansk Folkeparti";"Furesø";2398;1850;3015
"O. Dansk Folkeparti";"Gribskov";4245;3605;6889
"O. Dansk Folkeparti";"Halsnæs";3494;2955;5031
"O. Dansk Folkeparti";"Helsingør";5163;4519;8019
"O. Dansk Folkeparti";"Hillerød";3314;2921;5345
"O. Dansk Folkeparti";"Hørsholm";1516;1247;2174
"O. Dansk Folkeparti";"Rudersdal";2663;2200;3809
"O. Dansk Folkeparti";"Bornholm";3357;2965;5155
"O. Dansk Folkeparti";"Christiansø";4;7;13
"O. Dansk Folkeparti";"Greve";5298;5253;8170
"O. Dansk Folkeparti";"Køge";6058;6112;9175
"O. Dansk Folkeparti";"Lejre";2504;2468;3870
"O. Dansk Folkeparti";"Roskilde";6534;6523;10114
"O. Dansk Folkeparti";"Solrød";2056;2074;3329
"O. Dansk Folkeparti";"Faxe";3940;4027;6516
"O. Dansk Folkeparti";"Guldborgsund";7103;6606;11534
"O. Dansk Folkeparti";"Holbæk";6620;6396;10167
"O. Dansk Folkeparti";"Kalundborg";6766;6428;9574
"O. Dansk Folkeparti";"Lolland";5234;4544;7024
"O. Dansk Folkeparti";"Næstved";8305;8092;12914
"O. Dansk Folkeparti";"Odsherred";4057;4028;6049
"O. Dansk Folkeparti";"Ringsted";3367;3403;5586
"O. Dansk Folkeparti";"Slagelse";9654;9038;13577
"O. Dansk Folkeparti";"Sorø";3074;3015;4926
"O. Dansk Folkeparti";"Stevns";2521;2717;4144
"O. Dansk Folkeparti";"Vordingborg";5049;4847;7526
"O. Dansk Folkeparti";"Assens";4236;3634;6617
"O. Dansk Folkeparti";"Faaborg-Midtfyn";5050;4329;7747
"O. Dansk Folkeparti";"Kerteminde";2482;2122;3713
"O. Dansk Folkeparti";"Langeland";1763;1388;2309
"O. Dansk Folkeparti";"Middelfart";3737;3285;5784
"O. Dansk Folkeparti";"Nordfyns";3240;2894;4951
"O. Dansk Folkeparti";"Nyborg";3227;2846;4894
"O. Dansk Folkeparti";"Odense";15778;13210;22542
"O. Dansk Folkeparti";"Svendborg";5609;4594;8412
"O. Dansk Folkeparti";"Ærø";721;676;944
"O. Dansk Folkeparti";"Billund";2630;2846;5306
"O. Dansk Folkeparti";"Esbjerg";10507;9562;18830
"O. Dansk Folkeparti";"Fanø";310;292;448
"O. Dansk Folkeparti";"Fredericia";5082;4858;9312
"O. Dansk Folkeparti";"Haderslev";5654;4949;10030
"O. Dansk Folkeparti";"Kolding";8141;8009;14361
"O. Dansk Folkeparti";"Sønderborg";8746;7329;14124
"O. Dansk Folkeparti";"Tønder";3799;3374;6958
"O. Dansk Folkeparti";"Varde";4410;4525;8996
"O. Dansk Folkeparti";"Vejen";3923;3796;7556
"O. Dansk Folkeparti";"Vejle";10278;11415;18745
"O. Dansk Folkeparti";"Aabenraa";6282;5711;11392
"O. Dansk Folkeparti";"Favrskov";3708;3512;6696
"O. Dansk Folkeparti";"Hedensted";4757;4636;8922
"O. Dansk Folkeparti";"Horsens";7247;6851;12878
"O. Dansk Folkeparti";"Norddjurs";3838;3359;6474
"O. Dansk Folkeparti";"Odder";1476;1398;2505
"O. Dansk Folkeparti";"Randers";8702;7365;14226
"O. Dansk Folkeparti";"Samsø";327;265;446
"O. Dansk Folkeparti";"Silkeborg";6852;6339;11166
"O. Dansk Folkeparti";"Skanderborg";4145;3758;7126
"O. Dansk Folkeparti";"Syddjurs";3879;3416;6275
"O. Dansk Folkeparti";"Aarhus";18139;15714;26073
"O. Dansk Folkeparti";"Herning";7163;6672;12377
"O. Dansk Folkeparti";"Holstebro";4122;4105;7563
"O. Dansk Folkeparti";"Ikast-Brande";4292;4072;6871
"O. Dansk Folkeparti";"Lemvig";1875;1893;2889
"O. Dansk Folkeparti";"Ringkøbing-Skjern";4939;4900;7985
"O. Dansk Folkeparti";"Skive";4078;3856;6245
"O. Dansk Folkeparti";"Struer";1701;1643;3020
"O. Dansk Folkeparti";"Viborg";7335;6898;11541
"O. Dansk Folkeparti";"Brønderslev";3087;2714;5129
"O. Dansk Folkeparti";"Frederikshavn";6663;5613;10409
"O. Dansk Folkeparti";"Hjørring";5602;5105;9871
"O. Dansk Folkeparti";"Jammerbugt";3631;3337;6140
"O. Dansk Folkeparti";"Læsø";263;256;368
"O. Dansk Folkeparti";"Mariagerfjord";3798;3522;6479
"O. Dansk Folkeparti";"Morsø";1997;1749;2992
"O. Dansk Folkeparti";"Rebild";2307;2120;4122
"O. Dansk Folkeparti";"Thisted";4143;4090;6069
"O. Dansk Folkeparti";"Vesthimmerlands";3260;3222;6287
"O. Dansk Folkeparti";"Aalborg";15502;13549;23294
"V. Venstre, Danmarks Liberale Parti";"København";38334;44590;30983
"V. Venstre, Danmarks Liberale Parti";"Frederiksberg";9488;11626;8290
"V. Venstre, Danmarks Liberale Parti";"Dragør";2416;2890;1972
"V. Venstre, Danmarks Liberale Parti";"Tårnby";5073;5808;3476
"V. Venstre, Danmarks Liberale Parti";"Albertslund";1958;2102;1274
"V. Venstre, Danmarks Liberale Parti";"Ballerup";5011;5819;3867
"V. Venstre, Danmarks Liberale Parti";"Brøndby";3293;3446;2117
"V. Venstre, Danmarks Liberale Parti";"Gentofte";11085;13877;9600
"V. Venstre, Danmarks Liberale Parti";"Gladsaxe";7164;8064;5333
"V. Venstre, Danmarks Liberale Parti";"Glostrup";2698;3140;2088
"V. Venstre, Danmarks Liberale Parti";"Herlev";2699;3096;2094
"V. Venstre, Danmarks Liberale Parti";"Hvidovre";5255;5872;3752
"V. Venstre, Danmarks Liberale Parti";"Høje-Taastrup";6216;6667;4152
"V. Venstre, Danmarks Liberale Parti";"Ishøj";1952;2176;1279
"V. Venstre, Danmarks Liberale Parti";"Lyngby-Taarbæk";7513;8989;6231
"V. Venstre, Danmarks Liberale Parti";"Rødovre";3743;4212;2671
"V. Venstre, Danmarks Liberale Parti";"Vallensbæk";1808;2488;1634
"V. Venstre, Danmarks Liberale Parti";"Allerød";4603;5216;3483
"V. Venstre, Danmarks Liberale Parti";"Egedal";7755;8838;5955
"V. Venstre, Danmarks Liberale Parti";"Fredensborg";6904;7779;4998
"V. Venstre, Danmarks Liberale Parti";"Frederikssund";7685;9156;6158
"V. Venstre, Danmarks Liberale Parti";"Furesø";5665;6780;4658
"V. Venstre, Danmarks Liberale Parti";"Gribskov";8265;10183;5932
"V. Venstre, Danmarks Liberale Parti";"Halsnæs";4721;5399;3308
"V. Venstre, Danmarks Liberale Parti";"Helsingør";8511;9953;5552
"V. Venstre, Danmarks Liberale Parti";"Hillerød";7532;9352;6426
"V. Venstre, Danmarks Liberale Parti";"Hørsholm";5696;6535;4379
"V. Venstre, Danmarks Liberale Parti";"Rudersdal";11497;12679;8306
"V. Venstre, Danmarks Liberale Parti";"Bornholm";7341;7300;5253
"V. Venstre, Danmarks Liberale Parti";"Christiansø";9;9;4
"V. Venstre, Danmarks Liberale Parti";"Greve";10416;10192;7355
"V. Venstre, Danmarks Liberale Parti";"Køge";9956;9905;7707
"V. Venstre, Danmarks Liberale Parti";"Lejre";5550;5354;4051
"V. Venstre, Danmarks Liberale Parti";"Roskilde";13637;13788;10339
"V. Venstre, Danmarks Liberale Parti";"Solrød";4974;4857;3492
"V. Venstre, Danmarks Liberale Parti";"Faxe";6631;6486;4609
"V. Venstre, Danmarks Liberale Parti";"Guldborgsund";10829;9627;6760
"V. Venstre, Danmarks Liberale Parti";"Holbæk";11931;11657;8666
"V. Venstre, Danmarks Liberale Parti";"Kalundborg";8789;8394;6204
"V. Venstre, Danmarks Liberale Parti";"Lolland";7014;5802;4494
"V. Venstre, Danmarks Liberale Parti";"Næstved";13430;13059;9357
"V. Venstre, Danmarks Liberale Parti";"Odsherred";6132;5863;4129
"V. Venstre, Danmarks Liberale Parti";"Ringsted";5663;5550;4062
"V. Venstre, Danmarks Liberale Parti";"Slagelse";13335;12642;9298
"V. Venstre, Danmarks Liberale Parti";"Sorø";5408;5123;3641
"V. Venstre, Danmarks Liberale Parti";"Stevns";4376;4263;3012
"V. Venstre, Danmarks Liberale Parti";"Vordingborg";8229;7326;5642
"V. Venstre, Danmarks Liberale Parti";"Assens";6430;7191;5379
"V. Venstre, Danmarks Liberale Parti";"Faaborg-Midtfyn";8947;9771;7417
"V. Venstre, Danmarks Liberale Parti";"Kerteminde";3367;3740;2795
"V. Venstre, Danmarks Liberale Parti";"Langeland";2286;2224;1912
"V. Venstre, Danmarks Liberale Parti";"Middelfart";6124;7159;5001
"V. Venstre, Danmarks Liberale Parti";"Nordfyns";4837;5615;4229
"V. Venstre, Danmarks Liberale Parti";"Nyborg";5033;5280;3892
"V. Venstre, Danmarks Liberale Parti";"Odense";19255;25522;19000
"V. Venstre, Danmarks Liberale Parti";"Svendborg";8761;9039;6254
"V. Venstre, Danmarks Liberale Parti";"Ærø";1158;1304;794
"V. Venstre, Danmarks Liberale Parti";"Billund";6916;6746;4704
"V. Venstre, Danmarks Liberale Parti";"Esbjerg";22537;23083;15693
"V. Venstre, Danmarks Liberale Parti";"Fanø";617;666;425
"V. Venstre, Danmarks Liberale Parti";"Fredericia";8350;8570;5471
"V. Venstre, Danmarks Liberale Parti";"Haderslev";12798;11973;8465
"V. Venstre, Danmarks Liberale Parti";"Kolding";16964;17503;12317
"V. Venstre, Danmarks Liberale Parti";"Sønderborg";16128;14770;9994
"V. Venstre, Danmarks Liberale Parti";"Tønder";9733;8948;6313
"V. Venstre, Danmarks Liberale Parti";"Varde";14405;13630;10327
"V. Venstre, Danmarks Liberale Parti";"Vejen";10394;10116;7439
"V. Venstre, Danmarks Liberale Parti";"Vejle";21209;19999;14562
"V. Venstre, Danmarks Liberale Parti";"Aabenraa";13637;13144;8773
"V. Venstre, Danmarks Liberale Parti";"Favrskov";9406;9814;6770
"V. Venstre, Danmarks Liberale Parti";"Hedensted";11382;11063;7138
"V. Venstre, Danmarks Liberale Parti";"Horsens";15154;14855;9634
"V. Venstre, Danmarks Liberale Parti";"Norddjurs";7489;7157;5099
"V. Venstre, Danmarks Liberale Parti";"Odder";4128;4310;3237
"V. Venstre, Danmarks Liberale Parti";"Randers";17194;17623;12035
"V. Venstre, Danmarks Liberale Parti";"Samsø";790;740;532
"V. Venstre, Danmarks Liberale Parti";"Silkeborg";16342;17495;13085
"V. Venstre, Danmarks Liberale Parti";"Skanderborg";11046;11653;7889
"V. Venstre, Danmarks Liberale Parti";"Syddjurs";8052;8337;5567
"V. Venstre, Danmarks Liberale Parti";"Aarhus";40433;46122;32627
"V. Venstre, Danmarks Liberale Parti";"Herning";22631;21658;16809
"V. Venstre, Danmarks Liberale Parti";"Holstebro";14553;10991;9642
"V. Venstre, Danmarks Liberale Parti";"Ikast-Brande";9459;9213;7438
"V. Venstre, Danmarks Liberale Parti";"Lemvig";5621;4365;4247
"V. Venstre, Danmarks Liberale Parti";"Ringkøbing-Skjern";15089;15143;12330
"V. Venstre, Danmarks Liberale Parti";"Skive";10883;9701;8106
"V. Venstre, Danmarks Liberale Parti";"Struer";5221;4105;3631
"V. Venstre, Danmarks Liberale Parti";"Viborg";21493;20772;14249
"V. Venstre, Danmarks Liberale Parti";"Brønderslev";6451;6607;5536
"V. Venstre, Danmarks Liberale Parti";"Frederikshavn";10441;11178;8590
"V. Venstre, Danmarks Liberale Parti";"Hjørring";11013;12521;9766
"V. Venstre, Danmarks Liberale Parti";"Jammerbugt";6847;7100;6240
"V. Venstre, Danmarks Liberale Parti";"Læsø";405;382;297
"V. Venstre, Danmarks Liberale Parti";"Mariagerfjord";7647;7856;6160
"V. Venstre, Danmarks Liberale Parti";"Morsø";4299;4127;3624
"V. Venstre, Danmarks Liberale Parti";"Rebild";5395;5595;4661
"V. Venstre, Danmarks Liberale Parti";"Thisted";9123;9031;7879
"V. Venstre, Danmarks Liberale Parti";"Vesthimmerlands";6955;7921;6169
"V. Venstre, Danmarks Liberale Parti";"Aalborg";25454;30368;27002
"Ø. Enhedslisten - De Rød-Grønne";"København";23351;60449;60675
"Ø. Enhedslisten - De Rød-Grønne";"Frederiksberg";3059;7897;7862
"Ø. Enhedslisten - De Rød-Grønne";"Dragør";124;441;438
"Ø. Enhedslisten - De Rød-Grønne";"Tårnby";429;2044;2165
"Ø. Enhedslisten - De Rød-Grønne";"Albertslund";815;2077;2201
"Ø. Enhedslisten - De Rød-Grønne";"Ballerup";586;2096;2278
"Ø. Enhedslisten - De Rød-Grønne";"Brøndby";483;1569;1691
"Ø. Enhedslisten - De Rød-Grønne";"Gentofte";1038;2299;2327
"Ø. Enhedslisten - De Rød-Grønne";"Gladsaxe";1312;3667;3895
"Ø. Enhedslisten - De Rød-Grønne";"Glostrup";227;866;982
"Ø. Enhedslisten - De Rød-Grønne";"Herlev";408;1364;1569
"Ø. Enhedslisten - De Rød-Grønne";"Hvidovre";840;2652;2827
"Ø. Enhedslisten - De Rød-Grønne";"Høje-Taastrup";431;1607;1916
"Ø. Enhedslisten - De Rød-Grønne";"Ishøj";252;822;821
"Ø. Enhedslisten - De Rød-Grønne";"Lyngby-Taarbæk";779;2015;2235
"Ø. Enhedslisten - De Rød-Grønne";"Rødovre";577;1862;2172
"Ø. Enhedslisten - De Rød-Grønne";"Vallensbæk";84;325;450
"Ø. Enhedslisten - De Rød-Grønne";"Allerød";218;632;798
"Ø. Enhedslisten - De Rød-Grønne";"Egedal";353;1072;1351
"Ø. Enhedslisten - De Rød-Grønne";"Fredensborg";489;1170;1551
"Ø. Enhedslisten - De Rød-Grønne";"Frederikssund";437;1518;1919
"Ø. Enhedslisten - De Rød-Grønne";"Furesø";640;1577;1802
"Ø. Enhedslisten - De Rød-Grønne";"Gribskov";453;1433;1733
"Ø. Enhedslisten - De Rød-Grønne";"Halsnæs";426;1392;1595
"Ø. Enhedslisten - De Rød-Grønne";"Helsingør";949;2469;3124
"Ø. Enhedslisten - De Rød-Grønne";"Hillerød";774;1891;2169
"Ø. Enhedslisten - De Rød-Grønne";"Hørsholm";154;379;452
"Ø. Enhedslisten - De Rød-Grønne";"Rudersdal";719;1529;1677
"Ø. Enhedslisten - De Rød-Grønne";"Bornholm";537;1978;2170
"Ø. Enhedslisten - De Rød-Grønne";"Christiansø";4;14;5
"Ø. Enhedslisten - De Rød-Grønne";"Greve";308;1130;1503
"Ø. Enhedslisten - De Rød-Grønne";"Køge";515;1957;2069
"Ø. Enhedslisten - De Rød-Grønne";"Lejre";325;982;1167
"Ø. Enhedslisten - De Rød-Grønne";"Roskilde";1434;3680;4148
"Ø. Enhedslisten - De Rød-Grønne";"Solrød";137;538;588
"Ø. Enhedslisten - De Rød-Grønne";"Faxe";318;1201;1446
"Ø. Enhedslisten - De Rød-Grønne";"Guldborgsund";577;2325;2853
"Ø. Enhedslisten - De Rød-Grønne";"Holbæk";781;2713;3414
"Ø. Enhedslisten - De Rød-Grønne";"Kalundborg";419;1640;2079
"Ø. Enhedslisten - De Rød-Grønne";"Lolland";362;1583;2019
"Ø. Enhedslisten - De Rød-Grønne";"Næstved";674;2763;3278
"Ø. Enhedslisten - De Rød-Grønne";"Odsherred";385;1541;1649
"Ø. Enhedslisten - De Rød-Grønne";"Ringsted";291;1258;1421
"Ø. Enhedslisten - De Rød-Grønne";"Slagelse";654;2681;3253
"Ø. Enhedslisten - De Rød-Grønne";"Sorø";300;1038;1263
"Ø. Enhedslisten - De Rød-Grønne";"Stevns";194;765;878
"Ø. Enhedslisten - De Rød-Grønne";"Vordingborg";642;2164;2346
"Ø. Enhedslisten - De Rød-Grønne";"Assens";302;1419;1806
"Ø. Enhedslisten - De Rød-Grønne";"Faaborg-Midtfyn";489;1761;2349
"Ø. Enhedslisten - De Rød-Grønne";"Kerteminde";172;759;991
"Ø. Enhedslisten - De Rød-Grønne";"Langeland";211;688;780
"Ø. Enhedslisten - De Rød-Grønne";"Middelfart";230;1083;1417
"Ø. Enhedslisten - De Rød-Grønne";"Nordfyns";156;742;1027
"Ø. Enhedslisten - De Rød-Grønne";"Nyborg";260;1112;1414
"Ø. Enhedslisten - De Rød-Grønne";"Odense";2539;8686;12257
"Ø. Enhedslisten - De Rød-Grønne";"Svendborg";1018;3355;4173
"Ø. Enhedslisten - De Rød-Grønne";"Ærø";69;309;361
"Ø. Enhedslisten - De Rød-Grønne";"Billund";79;386;522
"Ø. Enhedslisten - De Rød-Grønne";"Esbjerg";728;3796;5175
"Ø. Enhedslisten - De Rød-Grønne";"Fanø";46;172;230
"Ø. Enhedslisten - De Rød-Grønne";"Fredericia";272;1436;1911
"Ø. Enhedslisten - De Rød-Grønne";"Haderslev";251;1397;1783
"Ø. Enhedslisten - De Rød-Grønne";"Kolding";484;2363;2726
"Ø. Enhedslisten - De Rød-Grønne";"Sønderborg";347;1467;1981
"Ø. Enhedslisten - De Rød-Grønne";"Tønder";166;708;1087
"Ø. Enhedslisten - De Rød-Grønne";"Varde";171;878;1153
"Ø. Enhedslisten - De Rød-Grønne";"Vejen";137;712;1028
"Ø. Enhedslisten - De Rød-Grønne";"Vejle";709;2809;3410
"Ø. Enhedslisten - De Rød-Grønne";"Aabenraa";236;1142;1608
"Ø. Enhedslisten - De Rød-Grønne";"Favrskov";294;1140;1479
"Ø. Enhedslisten - De Rød-Grønne";"Hedensted";186;863;1106
"Ø. Enhedslisten - De Rød-Grønne";"Horsens";557;2508;3454
"Ø. Enhedslisten - De Rød-Grønne";"Norddjurs";293;1121;1470
"Ø. Enhedslisten - De Rød-Grønne";"Odder";216;773;841
"Ø. Enhedslisten - De Rød-Grønne";"Randers";558;2650;3981
"Ø. Enhedslisten - De Rød-Grønne";"Samsø";79;240;203
"Ø. Enhedslisten - De Rød-Grønne";"Silkeborg";797;2921;3439
"Ø. Enhedslisten - De Rød-Grønne";"Skanderborg";531;1812;2089
"Ø. Enhedslisten - De Rød-Grønne";"Syddjurs";357;1419;1516
"Ø. Enhedslisten - De Rød-Grønne";"Aarhus";6816;17945;19821
"Ø. Enhedslisten - De Rød-Grønne";"Herning";338;1510;2109
"Ø. Enhedslisten - De Rød-Grønne";"Holstebro";284;1302;1496
"Ø. Enhedslisten - De Rød-Grønne";"Ikast-Brande";142;687;930
"Ø. Enhedslisten - De Rød-Grønne";"Lemvig";90;389;434
"Ø. Enhedslisten - De Rød-Grønne";"Ringkøbing-Skjern";190;837;1118
"Ø. Enhedslisten - De Rød-Grønne";"Skive";262;1168;1531
"Ø. Enhedslisten - De Rød-Grønne";"Struer";100;444;670
"Ø. Enhedslisten - De Rød-Grønne";"Viborg";474;2247;2804
"Ø. Enhedslisten - De Rød-Grønne";"Brønderslev";178;846;1283
"Ø. Enhedslisten - De Rød-Grønne";"Frederikshavn";269;1393;2066
"Ø. Enhedslisten - De Rød-Grønne";"Hjørring";352;1679;2329
"Ø. Enhedslisten - De Rød-Grønne";"Jammerbugt";162;812;1059
"Ø. Enhedslisten - De Rød-Grønne";"Læsø";19;63;67
"Ø. Enhedslisten - De Rød-Grønne";"Mariagerfjord";222;979;1427
"Ø. Enhedslisten - De Rød-Grønne";"Morsø";108;517;637
"Ø. Enhedslisten - De Rød-Grønne";"Rebild";211;668;897
"Ø. Enhedslisten - De Rød-Grønne";"Thisted";293;1065;1388
"Ø. Enhedslisten - De Rød-Grønne";"Vesthimmerlands";152;624;936
"Ø. Enhedslisten - De Rød-Grønne";"Aalborg";2116;7993;10470
"Å. Alternativet";"København";0;0;41025
"Å. Alternativet";"Frederiksberg";0;0;6224
"Å. Alternativet";"Dragør";0;0;344
"Å. Alternativet";"Tårnby";0;0;882
"Å. Alternativet";"Albertslund";0;0;806
"Å. Alternativet";"Ballerup";0;0;1087
"Å. Alternativet";"Brøndby";0;0;557
"Å. Alternativet";"Gentofte";0;0;2399
"Å. Alternativet";"Gladsaxe";0;0;2187
"Å. Alternativet";"Glostrup";0;0;422
"Å. Alternativet";"Herlev";0;0;650
"Å. Alternativet";"Hvidovre";0;0;1132
"Å. Alternativet";"Høje-Taastrup";0;0;910
"Å. Alternativet";"Ishøj";0;0;317
"Å. Alternativet";"Lyngby-Taarbæk";0;0;1956
"Å. Alternativet";"Rødovre";0;0;941
"Å. Alternativet";"Vallensbæk";0;0;211
"Å. Alternativet";"Allerød";0;0;622
"Å. Alternativet";"Egedal";0;0;909
"Å. Alternativet";"Fredensborg";0;0;1189
"Å. Alternativet";"Frederikssund";0;0;1056
"Å. Alternativet";"Furesø";0;0;1290
"Å. Alternativet";"Gribskov";0;0;1332
"Å. Alternativet";"Halsnæs";0;0;864
"Å. Alternativet";"Helsingør";0;0;2081
"Å. Alternativet";"Hillerød";0;0;1508
"Å. Alternativet";"Hørsholm";0;0;444
"Å. Alternativet";"Rudersdal";0;0;1662
"Å. Alternativet";"Bornholm";0;0;1295
"Å. Alternativet";"Christiansø";0;0;4
"Å. Alternativet";"Greve";0;0;679
"Å. Alternativet";"Køge";0;0;1021
"Å. Alternativet";"Lejre";0;0;839
"Å. Alternativet";"Roskilde";0;0;2838
"Å. Alternativet";"Solrød";0;0;349
"Å. Alternativet";"Faxe";0;0;676
"Å. Alternativet";"Guldborgsund";0;0;1097
"Å. Alternativet";"Holbæk";0;0;1563
"Å. Alternativet";"Kalundborg";0;0;938
"Å. Alternativet";"Lolland";0;0;646
"Å. Alternativet";"Næstved";0;0;1573
"Å. Alternativet";"Odsherred";0;0;978
"Å. Alternativet";"Ringsted";0;0;771
"Å. Alternativet";"Slagelse";0;0;1464
"Å. Alternativet";"Sorø";0;0;774
"Å. Alternativet";"Stevns";0;0;519
"Å. Alternativet";"Vordingborg";0;0;1477
"Å. Alternativet";"Assens";0;0;925
"Å. Alternativet";"Faaborg-Midtfyn";0;0;1326
"Å. Alternativet";"Kerteminde";0;0;449
"Å. Alternativet";"Langeland";0;0;366
"Å. Alternativet";"Middelfart";0;0;824
"Å. Alternativet";"Nordfyns";0;0;456
"Å. Alternativet";"Nyborg";0;0;653
"Å. Alternativet";"Odense";0;0;6398
"Å. Alternativet";"Svendborg";0;0;2545
"Å. Alternativet";"Ærø";0;0;223
"Å. Alternativet";"Billund";0;0;282
"Å. Alternativet";"Esbjerg";0;0;1791
"Å. Alternativet";"Fanø";0;0;123
"Å. Alternativet";"Fredericia";0;0;965
"Å. Alternativet";"Haderslev";0;0;885
"Å. Alternativet";"Kolding";0;0;1709
"Å. Alternativet";"Sønderborg";0;0;1042
"Å. Alternativet";"Tønder";0;0;488
"Å. Alternativet";"Varde";0;0;608
"Å. Alternativet";"Vejen";0;0;512
"Å. Alternativet";"Vejle";0;0;2446
"Å. Alternativet";"Aabenraa";0;0;700
"Å. Alternativet";"Favrskov";0;0;1140
"Å. Alternativet";"Hedensted";0;0;664
"Å. Alternativet";"Horsens";0;0;1819
"Å. Alternativet";"Norddjurs";0;0;921
"Å. Alternativet";"Odder";0;0;920
"Å. Alternativet";"Randers";0;0;1834
"Å. Alternativet";"Samsø";0;0;185
"Å. Alternativet";"Silkeborg";0;0;2629
"Å. Alternativet";"Skanderborg";0;0;2179
"Å. Alternativet";"Syddjurs";0;0;1637
"Å. Alternativet";"Aarhus";0;0;18288
"Å. Alternativet";"Herning";0;0;1103
"Å. Alternativet";"Holstebro";0;0;799
"Å. Alternativet";"Ikast-Brande";0;0;505
"Å. Alternativet";"Lemvig";0;0;297
"Å. Alternativet";"Ringkøbing-Skjern";0;0;596
"Å. Alternativet";"Skive";0;0;644
"Å. Alternativet";"Struer";0;0;321
"Å. Alternativet";"Viborg";0;0;1748
"Å. Alternativet";"Brønderslev";0;0;481
"Å. Alternativet";"Frederikshavn";0;0;694
"Å. Alternativet";"Hjørring";0;0;963
"Å. Alternativet";"Jammerbugt";0;0;567
"Å. Alternativet";"Læsø";0;0;35
"Å. Alternativet";"Mariagerfjord";0;0;714
"Å. Alternativet";"Morsø";0;0;249
"Å. Alternativet";"Rebild";0;0;515
"Å. Alternativet";"Thisted";0;0;682
"Å. Alternativet";"Vesthimmerlands";0;0;413
"Å. Alternativet";"Aalborg";0;0;5022
